{"loss":{"0":2.7089779377,"1":2.497030735,"2":2.4082951546,"3":2.3383686543,"4":2.2868549824,"5":2.2705419064,"6":2.1935553551,"7":2.2741582394,"8":2.1586148739,"9":2.106140852,"10":2.0603849888,"11":1.9855231047,"12":1.9479871988,"13":1.9047650099,"14":1.7414736748,"15":1.6188378334,"16":1.5683364868,"17":1.5091277361,"18":1.3914067745,"19":1.3485264778,"20":1.3050714731,"21":1.229465723,"22":1.171654582,"23":1.1079934835,"24":1.0496470928,"25":1.0371520519,"26":0.9893500209,"27":0.9300037622,"28":0.9042554498,"29":0.8930178285,"30":0.8248093128,"31":0.7733259201,"32":0.7739876509,"33":0.723978281,"34":0.7126202583,"35":0.6662759781,"36":0.6693085432,"37":0.6271395683,"38":0.6520532966,"39":0.5814194083,"40":0.560300827,"41":0.5255265832,"42":0.5020798445,"43":0.5112906694,"44":0.4785270989,"45":0.4625534415,"46":0.4225615859,"47":0.4341222346,"48":0.4062364399,"49":0.3860851228,"50":0.3728978932,"51":0.3515952229,"52":0.3422884941,"53":0.308219552,"54":0.343475461,"55":0.3250588179},"precision":{"0":0.0816326514,"1":0.1851851791,"2":0.400000006,"3":0.25,"4":0.400000006,"5":0.7209302187,"6":0.694444418,"7":0.4035087824,"8":0.5,"9":0.5391304493,"10":0.5194805264,"11":0.6516854167,"12":0.5481927991,"13":0.5893719792,"14":0.6404109597,"15":0.6059782505,"16":0.6257928014,"17":0.6334894896,"18":0.6907123327,"19":0.6630508304,"20":0.6862996221,"21":0.7100456357,"22":0.7485126853,"23":0.7489135861,"24":0.7597740889,"25":0.7525641322,"26":0.7591001987,"27":0.7754303813,"28":0.7863602042,"29":0.7742162943,"30":0.802269578,"31":0.8086378574,"32":0.8196065426,"33":0.8211513758,"34":0.811483264,"35":0.8374213576,"36":0.8473818898,"37":0.8469197154,"38":0.8452119231,"39":0.8671899438,"40":0.8643122911,"41":0.8788620234,"42":0.8813455701,"43":0.8823529482,"44":0.890073061,"45":0.8878166676,"46":0.9005673528,"47":0.9013747573,"48":0.9092814326,"49":0.9109916091,"50":0.9101458192,"51":0.9252003431,"52":0.921262145,"53":0.9357690215,"54":0.9238713384,"55":0.9271077514},"recall":{"0":0.0034285714,"1":0.0014285714,"2":0.0005714286,"3":0.0005714286,"4":0.0017142857,"5":0.0088571431,"6":0.021428572,"7":0.0065714284,"8":0.0031428572,"9":0.0177142862,"10":0.0114285713,"11":0.0331428573,"12":0.0260000005,"13":0.0348571427,"14":0.0534285717,"15":0.0637142882,"16":0.0845714286,"17":0.1545714289,"18":0.2188571393,"19":0.2794285715,"20":0.3062857091,"21":0.3554285765,"22":0.3954285681,"23":0.4431428611,"24":0.4997142851,"25":0.5031428337,"26":0.5302857161,"27":0.5662857294,"28":0.5962857008,"29":0.628000021,"30":0.6665714383,"31":0.6954285502,"32":0.702285707,"33":0.7254285812,"34":0.7268571258,"35":0.7608571649,"36":0.7582857013,"37":0.7777143121,"38":0.7691428661,"39":0.7891428471,"40":0.7971428633,"41":0.8208571672,"42":0.8234285712,"43":0.8271428347,"44":0.8351428509,"45":0.8411428332,"46":0.8617143035,"47":0.8617143035,"48":0.8677142859,"49":0.8714285493,"50":0.8740000129,"51":0.8905714154,"52":0.8925714493,"53":0.9074285626,"54":0.8945714235,"55":0.9048571587},"accuracy":{"0":0.0,"1":0.0,"2":0.0,"3":0.0,"4":0.0,"5":0.0,"6":0.0,"7":0.0,"8":0.0,"9":0.0,"10":0.0,"11":0.0,"12":0.0,"13":0.0,"14":0.0,"15":0.0,"16":0.0,"17":0.0,"18":0.0,"19":0.0,"20":0.0,"21":0.0,"22":0.0,"23":0.0,"24":0.0,"25":0.0,"26":0.0,"27":0.0,"28":0.0,"29":0.0,"30":0.0,"31":0.0,"32":0.0,"33":0.0,"34":0.0,"35":0.0,"36":0.0,"37":0.0,"38":0.0,"39":0.0,"40":0.0,"41":0.0,"42":0.0,"43":0.0,"44":0.0,"45":0.0,"46":0.0,"47":0.0,"48":0.0,"49":0.0,"50":0.0,"51":0.0,"52":0.0,"53":0.0,"54":0.0,"55":0.0},"val_loss":{"0":2.3193311691,"1":2.3256804943,"2":2.3658792973,"3":6.6590428352,"4":4.1004109383,"5":8.4073047638,"6":5.3985261917,"7":8.8050765991,"8":6.7800326347,"9":3.4713599682,"10":2.6444478035,"11":2.3032548428,"12":2.0454199314,"13":1.9377785921,"14":1.8189723492,"15":1.7385097742,"16":1.4377968311,"17":1.4202625751,"18":1.2564890385,"19":1.3618098497,"20":1.163412571,"21":1.1092214584,"22":0.9787395597,"23":0.9349465966,"24":0.9490047097,"25":0.8301759958,"26":0.8194292784,"27":0.7051328421,"28":0.8017482162,"29":2.3150715828,"30":0.6268529892,"31":0.8987034559,"32":0.7060326934,"33":0.6695929766,"34":0.6965343356,"35":0.5790160298,"36":0.6619441509,"37":0.6302518845,"38":0.6108065844,"39":0.5378591418,"40":0.5307779908,"41":0.6049278378,"42":0.515978992,"43":0.493119508,"44":0.4536877573,"45":0.5921272635,"46":0.5069934726,"47":0.5557239056,"48":0.5153861642,"49":0.4610516727,"50":0.5254405737,"51":0.4359561503,"52":0.4261081517,"53":0.5063458681,"54":0.5663961172,"55":1.1928104162},"val_precision":{"0":0.0,"1":0.0,"2":0.0,"3":0.2519280314,"4":0.1767676771,"5":0.1851851791,"6":0.0711864382,"7":0.1576159,"8":0.1652421653,"9":0.1939252317,"10":0.3103448153,"11":0.1147540957,"12":0.4574468136,"13":0.4799999893,"14":0.4255874753,"15":0.5291576385,"16":0.6055684686,"17":0.6489563584,"18":0.6364963651,"19":0.5948158503,"20":0.6716247201,"21":0.6799163222,"22":0.7340530157,"23":0.7863414884,"24":0.7449070215,"25":0.7956709862,"26":0.7796024084,"27":0.8271213174,"28":0.7757154107,"29":0.5458633304,"30":0.849486053,"31":0.7386785746,"32":0.8497723937,"33":0.8045976758,"34":0.8124098182,"35":0.8779110909,"36":0.8713968992,"37":0.8562322855,"38":0.8881431818,"39":0.87356323,"40":0.8770668507,"41":0.8563092351,"42":0.8859586716,"43":0.8862828612,"44":0.9029475451,"45":0.86182338,"46":0.8423610926,"47":0.8676056266,"48":0.8777078986,"49":0.8898954988,"50":0.8991416097,"51":0.898591578,"52":0.890796721,"53":0.8789986372,"54":0.8707671165,"55":0.8431912065},"val_recall":{"0":0.0,"1":0.0,"2":0.0,"3":0.0653333366,"4":0.0466666669,"5":0.0766666681,"6":0.0280000009,"7":0.0793333352,"8":0.0773333311,"9":0.055333335,"10":0.0599999987,"11":0.009333333,"12":0.0860000029,"13":0.0960000008,"14":0.1086666659,"15":0.1633333266,"16":0.173999995,"17":0.2280000001,"18":0.2906666696,"19":0.2906666696,"20":0.3913333416,"21":0.4333333373,"22":0.4986666739,"23":0.5373333097,"24":0.5606666803,"25":0.6126666665,"26":0.6013333201,"27":0.6953333616,"28":0.6686666608,"29":0.4046666622,"30":0.7713333368,"31":0.6633333564,"32":0.7466666698,"33":0.7466666698,"34":0.750666678,"35":0.8293333054,"36":0.7860000134,"37":0.8059999943,"38":0.7940000296,"39":0.8106666803,"40":0.8133333325,"41":0.7826666832,"42":0.828666687,"43":0.8313333392,"44":0.8373333216,"45":0.8066666722,"46":0.8086666465,"47":0.8213333488,"48":0.8373333216,"49":0.8513333201,"50":0.8379999995,"51":0.8506666422,"52":0.8646666408,"53":0.8426666856,"54":0.8399999738,"55":0.8173333406},"val_accuracy":{"0":0.0,"1":0.0,"2":0.0,"3":0.0004666667,"4":0.0,"5":0.0032666668,"6":0.0,"7":0.0009333334,"8":0.0026,"9":0.0006,"10":0.0001333333,"11":0.0,"12":0.0,"13":0.0,"14":0.0,"15":0.0,"16":0.0,"17":0.0,"18":0.0,"19":0.0,"20":0.0,"21":0.0,"22":0.0,"23":0.0,"24":0.0,"25":0.0,"26":0.0,"27":0.0,"28":0.0,"29":0.0,"30":0.0,"31":0.0,"32":0.0,"33":0.0,"34":0.0,"35":0.0,"36":0.0,"37":0.0,"38":0.0,"39":0.0,"40":0.0,"41":0.0,"42":0.0,"43":0.0,"44":0.0,"45":0.0001333333,"46":0.0,"47":0.0,"48":0.0,"49":0.0,"50":0.0,"51":0.0,"52":0.0,"53":0.0,"54":0.0,"55":0.0004}}