{"loss":{"0":2.3190274239,"1":2.0188550949,"2":1.6570714712,"3":1.3108688593,"4":1.0795146227,"5":0.9586858153,"6":0.845425427,"7":0.7874009609,"8":0.741791904,"9":0.6880603433,"10":0.6199839115,"11":0.5925014019,"12":0.5724551678,"13":0.5147790313,"14":0.4576992989,"15":0.4610476494,"16":0.4047409892,"17":0.3787654638,"18":0.3551083505,"19":0.3252080083,"20":0.2951928079,"21":0.2295541614,"22":0.2528956532,"23":0.2312609106,"24":0.2163655311,"25":0.2019494623,"26":0.2028079033,"27":0.1618479639,"28":0.1634069681,"29":0.1540754288,"30":0.1714406013,"31":0.1394543797,"32":0.1586122364,"33":0.1360026896,"34":0.120720841,"35":0.123405762,"36":0.1293415576,"37":0.0859771296,"38":0.0783346966,"39":0.0947242528},"precision":{"0":0.0476190485,"1":0.6190476418,"2":0.6857671142,"3":0.7311977744,"4":0.7782694101,"5":0.7952204347,"6":0.8239786029,"7":0.8410668373,"8":0.8573456407,"9":0.8487021923,"10":0.8736702204,"11":0.8800653815,"12":0.8827340603,"13":0.8906151056,"14":0.9109567404,"15":0.9001865387,"16":0.9144102335,"17":0.9248305559,"18":0.9250833988,"19":0.9335748553,"20":0.9480636716,"21":0.9522957802,"22":0.947368443,"23":0.953125,"24":0.9527027011,"25":0.9614251852,"26":0.9589519501,"27":0.968878448,"28":0.9676479101,"29":0.9690871835,"30":0.9633721113,"31":0.9729415178,"32":0.9688863158,"33":0.9729729891,"34":0.973425746,"35":0.9742700458,"36":0.9747533202,"37":0.9832853079,"38":0.9853279591,"39":0.9824561477},"recall":{"0":0.0002857143,"1":0.018571429,"2":0.1059999987,"3":0.3000000119,"4":0.452285707,"5":0.5514285564,"6":0.6165714264,"7":0.6577143073,"8":0.6902857423,"9":0.7099999785,"10":0.7508571148,"11":0.7694285512,"12":0.7785714269,"13":0.8025714159,"14":0.824285686,"15":0.8271428347,"16":0.839428544,"17":0.8577142954,"18":0.8714285493,"19":0.8834285736,"20":0.9022856951,"21":0.9125714302,"22":0.9154285789,"23":0.9237142801,"24":0.9265714288,"25":0.9328571558,"26":0.9411428571,"27":0.9428571463,"28":0.9485714436,"29":0.9494285583,"30":0.9468571544,"31":0.9554286003,"32":0.9520000219,"33":0.9565714002,"34":0.9628571272,"35":0.9628571272,"36":0.9597142935,"37":0.9748571515,"38":0.9785714149,"39":0.976000011},"accuracy":{"0":0.0,"1":0.0,"2":0.0,"3":0.0,"4":0.0,"5":0.0,"6":0.0,"7":0.0,"8":0.0,"9":0.0,"10":0.0,"11":0.0,"12":0.0,"13":0.0,"14":0.0,"15":0.0,"16":0.0,"17":0.0,"18":0.0000285714,"19":0.0,"20":0.0,"21":0.0000571429,"22":0.0000857143,"23":0.0000571429,"24":0.0000571429,"25":0.0001428571,"26":0.0001428571,"27":0.0000571429,"28":0.0001428571,"29":0.0004,"30":0.0003714286,"31":0.0004285714,"32":0.0006571428,"33":0.0008857143,"34":0.0009142857,"35":0.0011714286,"36":0.0009428571,"37":0.0010571429,"38":0.0015714286,"39":0.0014285714},"top_5_categorical_accuracy":{"0":0.5825714469,"1":0.7668571472,"2":0.8797143102,"3":0.9311428666,"4":0.9594285488,"5":0.9617142677,"6":0.9700000286,"7":0.9691428542,"8":0.9745714068,"9":0.9831428528,"10":0.9819999933,"11":0.9825714231,"12":0.9845714569,"13":0.9877142906,"14":0.9917142987,"15":0.9902856946,"16":0.9945714474,"17":0.991142869,"18":0.993714273,"19":0.9945714474,"20":0.9934285879,"21":0.9968571663,"22":0.9968571663,"23":0.9954285622,"24":0.997428596,"25":0.9962857366,"26":0.997428596,"27":0.9971428514,"28":0.997428596,"29":0.9977142811,"30":0.997428596,"31":0.9977142811,"32":0.9982857108,"33":0.9982857108,"34":0.9988571405,"35":0.9991428852,"36":0.9988571405,"37":0.9991428852,"38":0.9997143149,"39":0.9988571405},"top_4_categorical_accuracy":{"0":0.4819999933,"1":0.6905714273,"2":0.8322857022,"3":0.9014285803,"4":0.9397143126,"5":0.9419999719,"6":0.9531428814,"7":0.9528571367,"8":0.9617142677,"9":0.9711428285,"10":0.9725714326,"11":0.9722856879,"12":0.9742857218,"13":0.9785714149,"14":0.9857142568,"15":0.9851428866,"16":0.9868571162,"17":0.9871428609,"18":0.9900000095,"19":0.9914285541,"20":0.987428546,"21":0.9959999919,"22":0.9934285879,"23":0.9925714135,"24":0.9945714474,"25":0.9928571582,"26":0.9965714216,"27":0.9962857366,"28":0.9959999919,"29":0.997428596,"30":0.9954285622,"31":0.997428596,"32":0.9968571663,"33":0.997428596,"34":0.9980000257,"35":0.997428596,"36":0.9988571405,"37":0.9988571405,"38":0.9994285703,"39":0.9980000257},"top_3_categorical_accuracy":{"0":0.3665714264,"1":0.5982857347,"2":0.7659999728,"3":0.8619999886,"4":0.9051428437,"5":0.9148571491,"6":0.9291428328,"7":0.9308571219,"8":0.9385714531,"9":0.9514285922,"10":0.9559999704,"11":0.9525714517,"12":0.9597142935,"13":0.9657142758,"14":0.973714292,"15":0.9742857218,"16":0.9791428447,"17":0.9754285812,"18":0.9825714231,"19":0.9845714569,"20":0.982285738,"21":0.991142869,"22":0.9882857203,"23":0.9879999757,"24":0.9905714393,"25":0.9891428351,"26":0.9934285879,"27":0.9919999838,"28":0.9942857027,"29":0.9945714474,"30":0.9919999838,"31":0.9948571324,"32":0.993714273,"33":0.9948571324,"34":0.9959999919,"35":0.993714273,"36":0.9968571663,"37":0.9968571663,"38":0.9985714555,"39":0.9971428514},"top_2_categorical_accuracy":{"0":0.2537142932,"1":0.4702857137,"2":0.6588571668,"3":0.7794285417,"4":0.8408571482,"5":0.8591428399,"6":0.8808571696,"7":0.8902857304,"8":0.8960000277,"9":0.9137142897,"10":0.9251428843,"11":0.9211428761,"12":0.9314285517,"13":0.9399999976,"14":0.9445714355,"15":0.9457142949,"16":0.9628571272,"17":0.9602857232,"18":0.9642857313,"19":0.9708571434,"20":0.9682857394,"21":0.9819999933,"22":0.9757142663,"23":0.9782857299,"24":0.9808571339,"25":0.9819999933,"26":0.9862856865,"27":0.9860000014,"28":0.9877142906,"29":0.9871428609,"30":0.984857142,"31":0.9885714054,"32":0.9860000014,"33":0.9900000095,"34":0.9917142987,"35":0.9888571501,"36":0.9917142987,"37":0.9928571582,"38":0.9957143068,"39":0.9917142987},"top_1_categorical_accuracy":{"0":0.132571429,"1":0.2697142959,"2":0.4314285815,"3":0.5531428456,"4":0.6485714316,"5":0.6980000138,"6":0.7325714231,"7":0.7605714202,"8":0.7808571458,"9":0.7882857323,"10":0.8162857294,"11":0.8222857118,"12":0.8377143145,"13":0.8545714021,"14":0.8671428561,"15":0.8622857332,"16":0.8834285736,"17":0.8914285898,"18":0.8997142911,"19":0.9100000262,"20":0.9265714288,"21":0.9348571301,"22":0.9328571558,"23":0.9374285936,"24":0.9414285421,"25":0.9488571286,"26":0.9517142773,"27":0.9554286003,"28":0.9580000043,"29":0.9605714083,"30":0.9557142854,"31":0.9645714164,"32":0.9597142935,"33":0.9654285908,"34":0.9682857394,"35":0.9685714245,"36":0.9694285989,"37":0.9785714149,"38":0.9819999933,"39":0.9805714488},"val_loss":{"0":2.2420036793,"1":1.8641767502,"2":1.2230802774,"3":0.875420332,"4":0.6838037372,"5":0.7217819095,"6":1.7734723091,"7":1.4467926025,"8":0.6569654346,"9":1.0881369114,"10":0.4737174511,"11":0.5304534435,"12":1.6031845808,"13":0.7354696989,"14":0.4538952708,"15":0.5023001432,"16":1.0798847675,"17":0.6141445041,"18":0.449747473,"19":0.4017232955,"20":1.3995656967,"21":0.5186039805,"22":0.4964033067,"23":0.7711056471,"24":0.5578098297,"25":0.5138469338,"26":0.5021212697,"27":0.6003680825,"28":0.6857388616,"29":0.7047160864,"30":0.5814470053,"31":0.792258203,"32":0.8907570839,"33":0.5107553601,"34":0.5905208588,"35":0.6193882823,"36":0.5055934787,"37":0.4771042466,"38":0.694301784,"39":0.5480743647},"val_precision":{"0":0.0,"1":1.0,"2":0.8023032546,"3":0.8373305798,"4":0.8810316324,"5":0.821323514,"6":0.6813187003,"7":0.6376343966,"8":0.8758465052,"9":0.7634164691,"10":0.8802267909,"11":0.8542109132,"12":0.7628252506,"13":0.8632606864,"14":0.8951048851,"15":0.8889674544,"16":0.8806384206,"17":0.8618784547,"18":0.8870636821,"19":0.8991077542,"20":0.8583218455,"21":0.8870748281,"22":0.8948087692,"23":0.8672986031,"24":0.8838797808,"25":0.87940377,"26":0.8891928792,"27":0.8743206263,"28":0.8783967495,"29":0.8780654073,"30":0.879781425,"31":0.8602442145,"32":0.8663028479,"33":0.9022251964,"34":0.8787878752,"35":0.8902438879,"36":0.8928571343,"37":0.8988536596,"38":0.8792987466,"39":0.8926630616},"val_recall":{"0":0.0,"1":0.0060000001,"2":0.2786666751,"3":0.5353333354,"4":0.7059999704,"5":0.7446666956,"6":0.578666687,"7":0.3953333199,"8":0.7760000229,"9":0.6733333468,"10":0.8280000091,