{"loss":{"0":52523515904.0,"1":51746930688.0,"2":48854179840.0,"3":42744844288.0,"4":33395894272.0,"5":21823062016.0,"6":11324322816.0,"7":7687050240.0,"8":6816086528.0,"9":5709948928.0,"10":5646976000.0,"11":5622454272.0,"12":5147912192.0,"13":5316381696.0,"14":5157731328.0,"15":5833463808.0,"16":5654342144.0,"17":5334853120.0,"18":5297637888.0,"19":5554500608.0,"20":4821820416.0,"21":4593766912.0,"22":4776014848.0,"23":4764598272.0,"24":4756627968.0,"25":4797071872.0,"26":4571312640.0,"27":4657922048.0,"28":5408562688.0,"29":4772263936.0},"root_mean_squared_error":{"0":229180.09375,"1":227479.515625,"2":221029.8125,"3":206748.265625,"4":182745.4375,"5":147726.3125,"6":106415.8046875,"7":87675.828125,"8":82559.59375,"9":75564.203125,"10":75146.359375,"11":74983.0234375,"12":71748.953125,"13":72913.5234375,"14":71817.34375,"15":76377.1171875,"16":75195.359375,"17":73040.078125,"18":72784.875,"19":74528.5234375,"20":69439.328125,"21":67777.3359375,"22":69108.71875,"23":69026.0703125,"24":68968.3125,"25":69260.8984375,"26":67611.484375,"27":68248.96875,"28":73542.9296875,"29":69081.578125},"mean_absolute_error":{"0":199460.546875,"1":197818.9375,"2":191695.3125,"3":178286.78125,"4":154897.84375,"5":120340.21875,"6":80530.1328125,"7":65779.4921875,"8":61838.37109375,"9":55680.3515625,"10":55288.9296875,"11":54944.87890625,"12":52568.125,"13":53093.97265625,"14":52714.3671875,"15":56136.00390625,"16":55438.69921875,"17":53389.37890625,"18":52689.9921875,"19":53743.60546875,"20":50475.11328125,"21":49173.65625,"22":49943.12890625,"23":49898.31640625,"24":50350.02734375,"25":49830.49609375,"26":48584.453125,"27":49321.03515625,"28":53526.88671875,"29":50066.6328125},"val_loss":{"0":66305314816.0,"1":62939615232.0,"2":52369686528.0,"3":47106195456.0,"4":34831732736.0,"5":32823113728.0,"6":34129037312.0,"7":37682966528.0,"8":11327994880.0,"9":74550386688.0,"10":97189052416.0,"11":29038413824.0,"12":60539265024.0,"13":66983276544.0,"14":38833737728.0,"15":12268290048.0,"16":7366596096.0,"17":7632190976.0,"18":12501044224.0,"19":7432425984.0,"20":25747347456.0,"21":8795880448.0,"22":42493308928.0,"23":6838424576.0,"24":6152296448.0,"25":18809165824.0,"26":6522941440.0,"27":49951936512.0,"28":12038179840.0,"29":7624369664.0},"val_root_mean_squared_error":{"0":257498.1875,"1":250877.703125,"2":228844.234375,"3":217039.625,"4":186632.609375,"5":181171.5,"6":184740.453125,"7":194121.015625,"8":106433.0546875,"9":273039.15625,"10":311751.59375,"11":170406.609375,"12":246047.28125,"13":258811.28125,"14":197062.78125,"15":110762.3125,"16":85828.875,"17":87362.4140625,"18":111808.0625,"19":86211.515625,"20":160459.796875,"21":93786.3515625,"22":206139.046875,"23":82694.765625,"24":78436.5703125,"25":137146.515625,"26":80764.7265625,"27":223499.296875,"28":109718.640625,"29":87317.6328125},"val_mean_absolute_error":{"0":226754.9375,"1":219665.015625,"2":196782.9375,"3":184559.46875,"4":152844.09375,"5":150031.03125,"6":163703.71875,"7":172866.1875,"8":89073.921875,"9":253094.984375,"10":291378.5625,"11":151995.625,"12":227391.546875,"13":240241.375,"14":179675.484375,"15":94617.359375,"16":70635.3828125,"17":66179.5625,"18":87164.265625,"19":67134.7734375,"20":130708.2890625,"21":73612.3515625,"22":183673.15625,"23":63270.9375,"24":61716.41796875,"25":120358.3359375,"26":61863.22265625,"27":201369.53125,"28":84597.4140625,"29":65448.33984375}}